x,y,yaw,goal_number
0.5417419295751809,-2.0377747552961876,1.5262212878347445,0
1,2,1
0.9424641195213219,-4.470414153167275,-1.3689367043712666,1
0,1,1
